Name,Cluster_Hierarchical
A033915,1
A033918,1
A010853,2
A032148,1
A030982,1
A039958,2
A030988,2
A030207,2
A030989,2
A030205,2
A039971,2
A030997,2
A039972,2
A035447,2
A032137,1
A032143,1
A039973,2
A032154,2
A032139,2
A039959,1
A028333,2
A029229,1
A040104,1
A029227,1
A010844,2
A030206,2
A008288,1
A008277,2
A029214,1
A008289,1
A029221,2
A008287,2
A030213,2
A029217,2
A029220,1
A028340,1
A032145,1
A040093,1
A028334,2
A032147,2
A029222,2
A029224,1
A030210,2
A028335,2
A029228,2
A029219,2
A006690,1
A029218,2
A029215,2
